#{"t_start": 1638379752.447189, "env_id": null}
r,l,t
29667.889906,252,3.753191
33817.98777,268,4.344303
25490.443069,284,4.929365
28197.266104,281,5.519452
26345.745809,271,6.090048
34300.178479,266,6.656661
25577.114081,248,7.184311
24352.605084,269,9.204488
27674.354473,258,9.797559
28624.725356,269,10.379934
27614.651597,297,11.011375
39946.242158,290,11.65698
33535.630591,291,12.278472
29865.317589,261,12.823701
27930.305518,274,13.414799
27208.044387,292,15.390925
26336.24822,285,16.014387
29630.707598,279,16.620872
34946.435072,288,17.257845
29613.471014,291,17.86433
30899.146426,283,18.512898
38131.593074,293,19.165497
33892.33026,295,22.308558
39696.842603,272,23.111432
29523.35373,277,23.864188
27366.091271,276,24.639572
31110.004851,280,25.430702
34331.771315,273,26.216161
37525.349526,291,27.205072
34134.431068,281,30.082282
31713.312459,272,30.724298
37857.056758,290,31.418568
31847.883739,287,32.089833
37859.030164,287,32.766144
32186.1459,288,33.587029
32581.478398,308,34.51217
34870.189765,277,36.987529
33605.957042,299,37.636646
34717.029561,302,38.399795
32399.694911,280,38.941612
28258.115918,303,39.523632
34090.236024,303,40.08288
32415.720745,294,40.638508
30053.086157,291,42.610814
34013.780643,282,43.167292
28839.413122,288,43.883561
30690.134499,291,44.454396
36887.13669,303,45.041054
34828.680429,273,45.707929
28563.274179,283,46.231927
37560.704384,292,47.99305
32695.868168,290,48.651966
39839.749862,264,49.129807
32651.811288,278,49.61108
34499.286761,268,50.101183
34692.706297,298,50.602229
33617.70803,295,51.108145
38734.592604,290,52.741668
38960.619951,300,53.251863
39862.724285,285,53.775366
33797.596507,296,54.324533
41064.511522,290,54.883199
41212.880121,279,55.450367
32193.29669,278,55.985797
35170.193164,285,56.557367
35823.497317,297,58.263017
34503.428662,295,58.775329
28620.775277,294,59.274362
36443.928843,292,59.785002
38881.20289,307,60.369706
42125.415741,307,60.92348
37239.478022,310,62.779988
34950.224851,298,63.332984
37592.492901,302,63.848064
45826.073641,296,64.3726
37546.970555,293,64.903886
33135.544519,311,65.433749
39715.329691,295,65.927379
39530.738664,298,67.529931
41749.686856,298,68.036222
30141.343244,287,68.536644
36879.019717,291,69.025854
40257.871922,308,69.550754
39396.534379,315,70.068493
37328.487241,288,70.577222
38915.745023,282,72.374211
32104.002733,303,72.91449
45917.428798,306,73.429052
36154.613191,300,73.930617
38005.819961,301,74.601577
44080.633128,311,75.250099
40082.573408,287,75.755746
41759.653358,294,77.672376
41982.334931,291,78.343339
29960.936778,280,78.905268
32526.280779,292,79.413771
41370.089743,308,79.979119
34904.097528,320,80.540064
39994.752472,318,81.083034
34913.33148,277,82.655454
43856.312184,312,83.190991
32648.754922,293,83.691406
42830.22951,301,84.26238
37257.784732,312,84.946136
41900.542988,318,85.644254
29764.037081,296,86.23229
45728.813814,322,87.974221
41510.561491,298,88.50434
41296.624732,317,89.080836
32833.013593,312,89.601055
35349.415783,297,90.090587
39661.636405,308,90.611646
40001.40461,316,92.216316
43074.202602,319,92.77859
46199.313508,316,93.302418
34839.35685,322,93.868096
36852.018867,305,94.458964
38420.521938,303,95.087284
41761.978148,310,95.636368
37952.328961,322,97.556391
39914.707951,308,98.054244
43498.523143,314,98.57774
44941.340066,321,99.12337
41950.057311,310,99.646522
39337.104563,319,100.189534
39144.203672,304,101.931546
39446.135631,305,102.445485
45856.86243,315,102.976312
34544.261469,298,103.486737
36771.005727,320,104.170922
36422.11999,304,104.770796
34887.986375,311,105.369352
40005.206288,312,107.076876
36133.666528,312,107.620281
37663.906189,305,108.330136
46631.9056,307,109.10836
40055.485993,311,109.844926
40791.668721,313,110.487304
43191.707415,300,112.261153
41086.579191,294,112.762396
40665.085715,300,113.291066
47217.97479,318,113.841785
47343.984924,313,114.380497
39312.230937,312,114.920767
36751.702014,312,115.447882
43126.172927,310,117.047742
39544.166424,311,117.579833
37361.319179,320,118.117026
41045.286009,292,118.606549
39380.024414,307,119.141783
48607.530092,325,119.696859
44548.837703,311,120.255373
42638.167154,319,122.048008
42542.038974,313,122.608635
44813.475368,324,123.169181
43429.84736,310,123.712197
44199.059687,327,124.296905
40862.996138,304,124.809844
38063.299676,321,126.402714
39670.228566,303,126.907085
38935.103395,307,127.420141
44850.680669,309,128.038379
44955.109174,316,128.681237
48368.842565,325,129.229085
46645.993768,317,129.797835
43954.13716,333,132.14823
51001.2836,309,132.857309
48486.810057,301,133.523603
46406.303009,309,134.18416
46954.76872,321,134.923341
44486.980427,319,135.451305
41509.582718,317,137.10116
43728.743737,319,137.649283
47406.836034,307,138.21704
45137.347977,318,138.768419
38968.543968,322,139.364036
44356.629962,307,140.004452
46224.751564,320,140.721258
40271.120822,306,142.563753
42964.087752,308,143.095172
46905.288691,312,143.616001
45160.273738,324,144.181486
40620.025893,303,144.711961
42800.096891,303,145.248917
45973.878633,328,146.942756
45949.709077,312,147.475251
47798.93347,317,148.018576
50277.727732,320,148.559625
40936.781326,302,149.083861
37745.862804,300,149.709152
43953.577809,318,150.247048
44136.284693,310,151.957882
46875.810118,320,152.634111
39772.27482,321,153.323441
45819.70876,319,153.890532
48831.94613,314,154.587214
43612.465958,305,155.221644
42554.624968,310,156.958666
41856.027163,328,157.528358
48550.13199,322,158.086708
46615.34035,323,158.688705
42668.432326,318,159.257617
43379.479474,313,159.854231
43816.096004,309,160.436927
44757.665315,316,162.18177
47894.578661,326,162.757399
41533.823794,315,163.2975
41892.300074,311,163.843543
41732.278525,321,164.403992
43332.653169,321,164.961381
45692.194269,304,166.628873
44700.257929,308,167.185424
46042.431914,314,167.967318
47202.135622,315,168.799206
44385.875249,304,169.371845
36114.874226,310,169.909534
39509.04775,327,170.555601
46318.434954,314,172.42901
42374.203661,318,173.074043
48543.714397,321,173.809342
44655.18772,321,174.409096
46708.067497,316,174.954516
44779.440484,319,175.534359
50455.509202,327,177.783495
44023.863492,310,178.340913
41894.201663,299,178.893439
43655.838165,321,179.511969
46362.409442,324,180.106674
39353.649791,318,180.683909
48018.34627,324,181.28085
50220.239806,298,186.735704
44667.859315,327,187.39561
43781.063342,298,188.006421
47680.147521,314,188.709024
46739.182447,328,189.408047
44564.495691,326,190.083761
51117.530841,311,192.314568
43676.653532,292,193.003431
44505.551837,314,193.924205
44549.976063,310,195.21611
49002.628667,313,196.510384
46591.355197,305,197.181041
51734.354564,317,197.858197
50472.947033,321,200.304174
52104.67299,325,201.043447
49790.582153,315,201.605294
49846.226353,314,202.190322
44409.88001,310,202.792529
45732.467228,311,203.471879
41896.960021,316,205.616392
50623.562275,318,206.240269
50581.915555,316,206.855987
49648.90771,318,207.469858
39303.833115,294,208.049498
48336.367274,312,208.646691
51284.664748,312,209.348881
48539.634339,320,211.595806
50218.32128,312,212.205095
44244.867354,310,212.873165
52022.828419,327,213.564296
49378.632519,324,214.275987
47608.159346,307,214.969727
47069.338973,312,217.098059
46606.914817,323,217.756207
43223.879106,321,218.362014
40261.428532,328,219.015424
44531.800215,317,219.668846
40105.241432,311,220.272836
49350.017992,330,220.872313
40676.405944,327,223.346292
49377.163134,310,223.948762
42806.028428,318,224.556461
44738.413667,320,225.204718
50481.554022,319,225.85682
49004.80213,333,226.56588
42553.707401,316,228.787614
47454.81896,318,229.480993
48321.376107,329,230.108368
46738.405091,330,230.844677
45621.428728,326,231.79041
47535.270416,331,232.530009
50531.263614,314,234.438902
43093.179054,322,235.065003
49175.436495,329,235.679772
55211.250116,325,236.312728
48610.819362,326,236.934413
50034.035901,325,237.539975
45575.437767,307,238.424928
50514.070014,327,241.085226
46606.887639,329,241.846594
52629.789824,312,242.506816
42962.150635,329,243.235112
44578.173878,314,243.919142
47818.900746,313,244.610883
49060.751977,317,246.84177
50692.388455,325,247.712265
48577.408305,314,248.58709
47862.176322,320,249.625606
49628.152808,324,250.459571
47392.65677,325,251.385717
50730.391792,317,252.488521
49537.83468,321,256.736036
45896.74176,312,257.443286
52090.54549,315,258.051515
47646.510738,323,258.705247
53149.0229,331,259.378205
47544.945803,314,260.081784
50405.634219,321,262.480159
51957.040444,314,263.222647
48472.771649,322,263.941606
51493.937671,317,264.689783
55678.362443,323,265.37797
47127.960435,318,266.109724
53731.839793,336,269.151706
49627.701167,313,269.933322
49156.223607,322,270.605244
41345.106731,307,271.285547
53649.546801,317,272.050792
44781.15891,314,272.744532
46190.321199,322,273.372922
47554.276046,307,275.880564
53294.957521,319,276.613696
48488.513126,326,277.245809
51829.200121,330,277.973045
47852.434922,315,278.714514
42414.403647,309,279.465216
51044.637124,330,281.988802
53193.427295,309,282.633253
53531.918476,333,283.329294
54533.764532,318,284.007652
52375.217259,325,284.600931
54989.935422,328,285.195542
49145.447851,324,285.780111
49295.436162,326,287.527857
50013.221019,317,288.219769
50300.402295,327,288.89499
49020.184199,318,289.478446
51108.710354,325,290.072557
49609.460381,313,290.647671
53480.074229,332,292.331227
54999.208106,324,292.892471
51114.720125,316,293.422489
52513.60783,336,293.99037
51968.438007,318,294.531104
46969.210344,316,295.068842
54015.022789,324,296.743728
53174.672082,327,297.299411
48626.15147,330,297.866067
49716.566992,317,298.407322
49209.023972,324,298.964584
47337.581742,326,299.539526
48300.844348,323,300.109789
49579.559044,309,301.798078
54495.698473,332,302.342907
47544.340039,317,302.870968
51738.117496,331,303.583637
51586.981186,333,304.436981
47231.201191,311,305.202899
52448.8505,327,311.752455
53868.285874,327,312.492295
48695.524064,328,313.223043
54408.972707,328,313.970052
49893.604072,331,314.679001
50073.134919,318,315.364746
52369.220152,325,320.420962
55260.809722,331,321.317829
52261.818344,330,322.064525
55114.840201,334,322.775101
51870.559232,316,323.47587
58981.342041,330,324.252167
48784.176407,332,334.179578
46753.644835,331,335.06402
56223.859464,333,335.787395
57282.303963,327,336.481139
55351.493284,325,337.261663
56137.66305,337,338.041201
51021.344837,328,338.794456
53605.68791,330,349.357208
56219.178279,329,350.153593
55227.370436,336,351.023916
57088.992234,335,351.748719
57236.606292,335,352.425737
55763.727617,337,353.100978
54432.632032,335,358.435837
56059.282059,331,359.712406
56923.880637,331,360.595584
54091.07251,324,361.285985
51210.39458,332,362.223971
53009.079254,326,362.99102
51716.633032,323,368.05777
54895.752542,332,369.521129
52656.43763,324,370.73355
57112.54329,337,371.621852
57905.707074,332,372.71863
59144.943805,326,373.660587
54417.417022,333,380.786361
52601.3865,333,381.491059
54142.5467,334,382.257572
56643.536041,319,383.05641
59324.184204,339,383.743394
58963.190922,337,384.381853
55184.122958,328,391.678291
56360.764321,335,392.378159
53383.888056,318,393.056592
56885.644755,334,393.773774
58903.680647,335,394.491481
55990.281265,325,395.191711
54582.762169,330,395.91725
55443.7971,338,403.695501
53381.615465,335,404.439479
53115.770251,334,405.14017
58168.498859,333,405.887744
58066.493903,335,406.579818
59280.133432,332,407.284191
57011.890797,330,417.843816
54252.252587,332,418.585256
57877.621336,332,419.335566
54634.365891,333,420.128899
55721.964665,329,420.856937
58844.576647,331,421.560729
55862.0501,342,434.386407
56604.656026,322,435.197187
56986.134254,336,436.043034
57236.076985,331,436.959982
60668.160728,330,437.726178
55830.957659,331,438.500718
58816.674182,334,448.351712
58459.138303,333,449.057519
57400.311824,329,449.712378
59992.926916,332,450.408354
58862.798968,329,451.14154
57896.774802,333,451.795832
57746.201639,338,464.00977
57658.209908,331,464.685093
58277.168641,338,465.412125
56297.017439,335,466.068467
52669.873697,340,466.738086
58638.010119,327,467.385051
58766.058392,337,479.676667
58425.771168,327,480.572127
58255.360124,329,481.382892
55582.248871,339,482.235868
60737.233791,334,482.975269
57845.795052,334,483.939897
51293.850926,324,484.730295
58453.885055,330,495.108057
55164.234037,333,495.707938
59223.588568,331,496.268606
57758.279546,329,496.921945
55183.343484,333,497.548754
59510.639531,324,498.087784
58053.825548,338,499.876088
60915.425056,339,500.476372
57642.232169,333,501.042923
59332.419314,334,501.781944
54760.796558,329,503.007763
58279.16113,329,503.603702
59748.945824,337,505.309797
58609.219317,335,505.865901
54577.415581,335,506.443614
61267.794034,339,506.990603
56860.557537,332,507.536595
61202.739441,331,508.069612
57121.215641,333,509.721009
56330.155489,331,510.262249
60551.137149,334,510.801891
55736.111048,331,511.336792
59002.758207,333,511.87557
55326.263544,331,512.415585
58786.859856,334,514.059415
54490.504045,335,514.638736
54651.16239,331,515.183173
58840.252656,336,515.744524
59570.147693,339,516.317968
59207.060137,334,516.890524
57053.237607,326,518.602721
59070.834475,328,519.134285
59004.324091,337,519.730046
60584.040621,333,520.291029
57408.301664,337,520.851997
59320.631837,329,521.390963
59711.562209,335,523.007021
59058.860481,329,523.543146
60049.50495,333,524.071493
61160.754399,337,524.617254
58970.632152,336,525.144495
58831.028637,334,525.701299
61686.922545,339,526.296242
57861.559111,333,528.191394
56158.934405,332,528.871905
59755.572079,338,529.442499
59226.325835,339,530.000309
59346.275102,330,530.565757
56609.689308,328,531.12162
57500.206959,340,532.893507
61918.763004,339,533.7035
61934.561057,334,534.302132
55914.68467,337,534.926708
59671.48725,331,535.498966
60343.190454,335,536.078434
58603.567069,334,537.806991
57020.261352,339,538.463983
57314.750532,337,539.112808
57856.283888,335,539.713874
57614.005222,331,540.334021
60977.230482,338,540.934933
61414.37625,337,542.734447
59106.919074,337,543.336002
58555.049002,319,543.898439
59458.845532,337,544.465497
59341.502031,336,545.032048
60030.970897,330,545.583772
57335.042656,337,548.168055
59782.470188,336,548.791762
54917.565679,333,549.440692
57747.053845,336,550.069134
57349.136498,333,550.835297
59853.305562,337,551.461549
58699.299302,333,553.16713
59808.186111,336,553.757651
56604.84801,335,554.309072
60432.788568,338,554.859899
59582.262195,333,555.42205
61734.426045,336,555.991424
57128.823201,333,557.78781
60218.981269,335,558.338806
60701.300567,333,558.922533
62071.012031,336,559.479314
58880.983473,334,560.019621
59520.682928,337,560.585281
59730.75684,333,562.309749
57399.278873,337,562.856008
59223.412449,339,563.43592
59242.944397,335,563.987301
57822.770748,336,564.55981
59190.594686,335,565.146365
59411.245167,329,565.696124
56529.6097,333,567.442077
58773.614684,334,567.987492
59620.987563,341,568.548518
62130.981927,339,569.156083
59510.938221,331,569.699433
58109.934095,338,570.245255
59810.33655,334,571.915832
59588.201801,328,572.471503
58682.960334,325,573.021537
61745.174618,335,573.588874
60179.80064,337,574.191167
59156.708999,334,574.780882
60287.593522,334,576.45364
54931.059613,339,577.049949
59273.63948,333,577.619124
58380.461784,338,578.319034
60541.052639,335,578.868776
57629.532325,337,579.424507
61707.430665,341,581.18081
60636.06257,335,581.763693
60287.794951,334,582.301248
58933.26781,338,582.869637
57730.841116,331,583.428639
56068.443158,333,583.990385
60269.176226,334,585.918274
56383.560366,331,586.575754
59933.918439,333,587.150444
61299.355378,334,587.821354
59216.132159,336,588.504098
57560.513852,335,589.077765
57908.493285,335,590.743159
57419.375873,333,591.286998
59499.059195,334,591.842575
55294.134621,332,592.381276
59198.492742,340,592.956766
60592.873533,333,593.730781
57358.830145,334,596.038949
59345.120703,335,596.639318
59792.360043,336,597.208737
60044.38473,336,597.758284
60099.875473,337,598.362997
59162.98029,334,598.951226
59035.877803,334,600.922719
60400.467951,332,601.787915
61287.41884,331,602.633209
59707.270427,335,603.472645
60812.114133,338,604.15263
59607.677734,336,604.841215
60808.633647,339,606.781148
60350.579627,334,607.330463
59952.509841,333,607.883569
60518.143318,334,608.415053
59933.851917,337,608.957441
60635.956124,332,609.528119
60488.249283,333,610.051697
59801.098071,334,611.736791
59586.785015,332,612.454639
60524.942388,333,613.130663
61562.082811,334,613.74866
61202.354634,339,614.313399
60047.840213,334,614.998162
59534.054882,324,617.18732
60298.241793,333,617.727986
61080.491151,336,618.261624
59674.349522,337,618.818733
61953.369539,331,619.34622
60549.84033,334,619.880569
60163.187217,331,621.609138
60461.291954,333,622.228184
60995.208794,331,622.75832
59447.328233,330,623.351733
61774.849724,338,624.11584
57911.771739,331,624.705083
61177.626768,340,626.652655
57578.695531,330,627.394359
60378.582133,337,628.029158
59319.592711,332,628.579875
60542.276002,330,629.253214
52033.791084,337,629.94743
59746.148225,333,632.304379
58020.107559,332,632.879472
61186.144259,336,633.445893
61189.190611,337,634.122156
60909.745476,327,634.818921
61667.586168,333,635.526947
62857.506527,339,637.430686
61451.272534,333,638.002539
55961.673275,332,638.601449
59618.542308,338,639.33187
59616.970919,337,640.072681
60008.856417,334,640.666556
61554.192898,336,642.649778
57922.169138,330,643.245376
60790.800971,336,643.838567
61262.10026,339,644.562681
60718.909297,332,645.239239
61656.693452,333,645.92276
58952.607992,335,646.490445
60017.545081,333,648.693732
62185.190201,339,649.348894
55820.353068,333,650.022223
59558.680754,331,650.638372
57856.476993,328,651.345593
61581.548336,339,651.93698
60307.155875,336,653.599504
59989.939584,337,654.308501
57034.119611,328,655.093797
59904.418672,331,655.684611
59946.060826,328,656.20776
61699.151625,336,656.744602
61742.323604,330,658.443077
57891.082401,330,658.980903
59843.355798,335,659.547157
60907.023107,333,660.087334
58198.356478,335,660.661499
61084.456435,335,661.236376
61174.19832,339,663.386016
61842.402396,334,664.058223
58164.973077,335,664.596581
59718.160123,331,665.109274
58734.142296,334,665.655619
55146.595205,332,666.190061
58491.271219,333,667.901387
63506.361047,337,668.443182
61733.940953,330,669.01121
61191.767508,332,669.549391
61661.933423,335,670.106456
61979.168375,330,670.660038
58620.399161,334,672.298319
61828.106955,332,672.839864
60923.244688,329,673.380842
58723.066334,329,673.905966
61425.004064,333,674.450153
61313.640562,339,675.002223
60729.565883,333,676.755714
61460.102069,335,677.34301
55320.068306,332,677.867045
60621.165648,332,678.390667
60509.624441,332,679.023875
61783.485548,335,679.572799
55420.624283,332,680.093612
58844.370392,336,681.975502
61438.046907,332,682.504439
64092.256222,335,683.083905
61470.766253,334,683.617873
58968.019441,333,684.149731
63909.458312,338,684.694466
58625.217613,335,686.32433
58363.465292,327,686.864608
58640.986235,331,687.412908
61502.186612,335,687.97435
62238.092996,336,688.514645
61930.630598,333,689.073339
59192.155636,337,690.869348
58446.996321,332,691.438397
61952.500084,333,691.995731
57937.002982,333,692.55344
58265.154563,330,693.109926
62024.971754,331,693.679657
61326.717964,335,695.534915
58650.688677,330,696.114306
60957.393975,330,696.721546
61712.396728,331,697.276391
57750.75584,331,697.840294
58286.417562,327,698.394613
61844.650027,327,700.147746
58496.535985,333,700.717665
62034.28585,333,701.302446
58246.285139,337,701.87409
61674.28697,330,702.436792
58573.873211,330,702.996738
56489.83547,327,704.722194
58762.814429,336,705.253212
58834.807134,330,705.795707
59094.186221,332,706.320971
62147.732326,330,706.856611
58919.413458,334,707.407206
62318.332743,331,708.046492
62349.771153,333,709.880639
61553.289742,338,710.41228
62045.798711,332,710.935985
60166.858426,329,711.509048
58724.511851,333,712.044477
60380.938048,333,712.616704
57332.648529,326,714.246835
61350.329997,330,714.790649
58761.861986,330,715.317762
59047.825013,335,715.853442
61721.092169,335,716.380359
61768.769438,331,716.905466
62002.390727,335,718.545102
62254.032103,332,719.064912
58945.693391,328,719.62372
58039.861969,331,720.15705
58549.47532,329,720.740778
58832.986163,333,721.273662
59094.225165,330,722.901054
61705.582818,330,723.426728
59367.827266,330,723.939353
62162.26323,329,724.515922
61352.709587,334,725.036384
59595.311474,330,725.545617
57749.503169,332,727.12007
62248.975241,331,727.632703
56901.520395,328,728.142459
62647.823673,331,728.674319
59195.42938,332,729.193802
61943.171925,333,729.719373
58948.677949,334,731.328605
58631.656557,329,731.858039
61766.936655,333,732.380383
62223.62561,330,732.905033
57470.003198,331,733.429639
61674.146393,333,733.958406
59064.04963,330,734.477509
59288.969326,329,736.08615
59194.537191,330,736.601531
58653.657112,330,737.117126
62101.179078,335,737.665437
58649.783926,330,738.218582
58780.358921,333,738.751241
58762.815279,333,740.352259
59545.36054,329,740.871442
61085.42468,331,741.43429
59313.737231,330,741.952231
59563.204938,333,742.466789
59324.914689,330,742.997572
62568.759827,331,744.765751
58787.785774,329,745.339242
59269.980785,330,745.871779
58911.702891,333,746.400307
59158.962324,331,746.933881
58875.464591,336,747.480768
62468.199483,329,749.171942
58891.958408,333,749.697806
59225.116169,333,750.219151
58590.218832,332,750.751952
62096.00121,333,751.29912
59052.338223,329,751.839319
59132.127912,333,753.434786
60411.351891,327,753.952768
59192.583303,336,754.495024
62677.586143,330,755.021255
62136.238749,329,755.531907
59562.071421,330,756.282755
58079.750542,332,756.935961
61964.38594,328,758.77871
61809.754213,328,759.478011
58618.210224,329,760.212815
59158.176636,332,760.788474
59299.975642,338,761.317703
58863.961034,330,761.854244
59346.247417,329,763.505948
61749.60017,334,764.036302
62188.130229,334,764.579595
58072.140469,328,765.127079
59549.817476,331,765.871955
58935.249288,330,766.402168
57048.162505,329,768.428619
62034.989374,329,769.037462
60975.43646,334,769.589555
59529.427158,335,770.137918
59314.819721,331,770.697821
60566.826872,332,771.234208
57785.827485,327,772.927021
62343.695834,330,773.488185
59121.827264,330,774.009004
59088.47309,333,774.55142
59028.987835,329,775.089614
58500.266309,332,775.700088
59328.519559,331,777.302134
62194.994006,332,777.830002
58513.583341,331,778.344759
59149.163896,329,778.860121
62162.066763,330,779.381979
59381.363427,332,779.938235
59172.212274,335,781.559592
59320.721278,330,782.097195
61233.43165,328,782.650453
58800.219032,333,783.417382
59514.541936,330,784.441693
58710.750175,329,785.037783
57436.884418,326,785.627227
59492.50004,331,790.421044
58932.514969,334,791.107817
59279.117131,333,791.877792
62660.145612,327,792.56758
59131.556661,334,793.400997
61671.113671,331,794.018629
59543.086561,332,798.747399
59794.81587,331,799.483966
58767.885614,332,800.110838
59318.774226,331,800.755407
59441.096581,330,801.540328
59507.540866,331,802.319031
59501.238276,329,804.60571
58779.763093,333,805.143611
55307.596758,327,805.69463
57926.627871,331,806.483597
59590.27239,331,806.99917
61948.847819,329,807.706644
58708.334742,334,810.242265
62677.153841,331,811.013454
62881.584376,333,811.891687
57492.88635,333,812.594143
55563.076199,331,813.27632
62646.605146,331,813.857733
59716.71608,332,815.845377
62524.08848,333,816.40387
63022.15495,330,816.952385
59020.89995,329,817.485689
59228.001593,329,818.036211
59219.142361,331,818.609138
59090.334878,330,819.164136
59019.230328,329,820.983878
59618.399189,329,821.730406
59384.427724,330,822.588312
59386.004896,330,823.295871
59433.39828,333,823.977532
60050.023686,330,824.660462
63025.060977,330,826.50722
59462.739431,330,827.050512
59382.320578,331,827.605623
59875.420601,332,828.442972
58960.344213,331,829.096318
59052.787745,335,829.652609
58349.266363,328,831.596655
59579.098959,331,832.120236
61951.24116,334,832.688541
59261.342108,330,833.224435
62334.307866,329,833.766355
62456.768121,331,834.30746
62662.849023,332,836.061359
58816.213166,329,836.597906
58766.961144,330,837.123758
63090.35742,331,837.673455
59211.526529,330,838.218614
62829.704221,329,838.925116
59216.07304,330,840.663701
62444.183875,330,841.382142
61899.119803,330,841.916468
59324.693303,330,842.47262
59682.555235,332,843.006791
59448.36899,333,843.541055
59491.378728,331,844.098706
59447.955332,330,845.728779
62751.176387,333,846.269778
59759.951722,333,846.789079
59312.504542,329,847.307044
62628.074351,329,847.822561
59453.370403,329,848.373864
62317.15641,333,850.168133
62529.320266,329,850.686133
59499.182061,330,851.222632
62910.840033,330,851.731552
59566.444116,332,852.253632
59401.699516,331,852.798317
59371.140134,329,854.534107
59500.575219,330,855.188725
59506.034686,325,855.882842
59341.322299,329,856.532262
59282.618366,327,857.197388
62502.796224,330,857.958628
62517.499521,332,860.889485
60050.471392,330,861.434702
59330.995214,329,861.971899
59710.595666,329,862.490391
59468.270218,331,863.057107
61421.684701,330,863.616646
59208.494911,333,865.6888
62434.491649,330,866.304314
59435.006954,329,866.98036
62503.618669,329,867.594664
59333.288956,331,868.20631
62622.378468,330,868.811209
59745.794351,329,869.416849
62956.398714,333,871.541032
59756.616219,333,872.111255
62684.630549,329,872.696115
62890.830644,330,873.298214
62860.977453,333,873.853047
59483.786136,332,874.404353
62393.493897,330,876.333769
62330.3949,336,876.899097
59685.873071,329,877.431128
59505.499814,332,877.994752
62403.803391,332,878.626566
59554.742215,333,879.267352
62319.826511,331,881.362102
59418.361084,329,881.944132
57746.104162,327,882.526345
62807.172565,333,883.113487
62596.259844,331,883.867471
59709.912328,329,884.641563
59629.046628,329,888.911213
59272.851229,330,889.54538
59181.181449,330,890.227789
59768.705742,330,890.793229
59616.294558,330,891.356467
59459.76851,329,892.00294
59478.418679,330,895.501274
59313.487317,330,896.065551
59166.197854,329,896.6135
59215.579005,333,897.152206
59870.758748,330,897.680759
62706.804208,329,898.22267
59384.452141,329,898.757751
59677.964322,329,900.447585
62538.606225,331,900.993711
59433.7212,329,901.732004
59717.222376,330,902.551326
62866.098294,332,903.319667
59467.69398,328,903.865008
59400.185759,330,905.985833
62686.507664,332,906.65522
62757.29245,331,907.377744
60672.241946,329,908.087483
59788.869729,329,908.719017
59496.172878,330,909.361861
59734.923484,330,911.261419
62664.754268,333,911.787755
59767.116563,332,912.305179
59053.105485,330,912.812379
62029.689995,329,913.453279
59746.136154,327,914.114186
59871.319407,332,916.548986
59830.666982,330,917.187469
59722.781916,329,918.047224
59926.016176,330,918.859841
59253.283677,330,919.487242
61386.093872,332,920.03207
62585.474384,330,921.648483
62907.760609,329,922.173809
58600.445341,332,922.697344
59418.929877,327,923.221834
59602.070488,329,923.737129
62451.854682,330,924.334588
62783.134332,331,924.980115
59375.77779,329,926.861075
59314.853304,328,927.531991
59209.600886,333,928.265565
58465.467769,328,929.201112
57863.417781,335,929.909067
62931.082775,332,930.600463
63066.823043,330,932.645677
62797.29177,329,933.148633
59667.258497,330,933.666499
59613.43006,329,934.271451
59579.955895,329,935.005572
59659.978838,325,935.729491
59590.76464,329,937.90666
62256.446037,330,938.572365
59978.640258,331,939.128343
59500.473692,329,939.767296
59674.722203,327,940.323798
59358.78231,330,940.969256
59483.547561,330,942.853507
61103.217897,326,943.367233
59713.071832,329,943.865228
58925.548552,331,944.373361
59811.905105,329,944.885361
57962.742229,323,945.392924
59531.136699,330,946.953014
59121.455393,330,947.488731
59559.668801,330,948.136324
59795.286969,329,948.793526
59860.010719,331,949.450555
59701.35984,329,950.122801
59607.380044,330,950.733863
62896.276972,327,952.445168
59695.532643,332,952.983238
59317.536971,331,953.52517
59182.847871,330,954.062586
59704.630966,329,954.587722
58912.516029,332,955.11119
59915.065359,330,956.709191
59585.440911,329,957.211367
59621.518087,330,957.896632
59747.725707,331,959.102123
59764.047479,330,959.7513
59836.677806,332,960.394299
59849.562599,331,962.506154
59918.51211,333,963.259425
59730.012189,330,963.941841
59269.701325,330,964.544654
59668.535815,330,965.173256
60001.32864,330,965.790606
59355.769022,330,967.88462
59569.134241,329,968.492008
59745.985469,331,969.232485
59823.633873,330,969.847387
59588.110612,329,970.39772
59448.886538,330,970.969535
59639.215629,329,971.668335
59873.291144,330,973.657667
59698.967714,330,974.207407
59568.068332,329,974.911676
59864.369792,329,975.498082
59640.072949,331,976.302389
62726.016734,332,977.00752
59202.358981,330,978.731686
59015.14687,330,979.29334
58770.458877,329,979.877654
59186.603886,329,980.45678
59748.455486,329,981.039054
59758.806503,331,981.581784
59596.914949,329,983.499428
59918.403314,330,984.014742
59824.406234,331,984.612066
59767.373579,329,985.266641
62277.883082,333,985.857582
59298.533434,329,986.374374
62863.440325,331,988.044638
62771.402902,329,988.573249
62848.155829,329,989.095894
59247.264299,330,989.623007
62475.60477,331,990.133987
59310.20364,330,990.769149
59718.072079,329,992.562681
59605.61803,330,993.259818
59675.994221,329,993.830048
59750.348628,329,994.513787
59556.645445,330,995.242
59776.349924,331,996.079727
59819.575101,330,996.730257
62708.231547,330,998.496423
62858.165806,329,999.310228
59994.888073,330,1000.062632
59711.224973,330,1000.86124
59925.574685,328,1001.642888
59490.98906,329,1002.465986
59728.470791,329,1005.419788
59831.156801,329,1005.946703
59627.027822,329,1006.588905
63109.997432,331,1007.266205
61861.04379,327,1008.239414
59886.975978,331,1009.00061
59671.904755,329,1011.556942
59582.989941,329,1012.315798
59647.17179,329,1013.022059
62778.595778,329,1013.596951
56937.864906,329,1014.152094
59475.254698,329,1014.720168
62723.044165,329,1016.416117
62857.963206,329,1016.94132
62373.188427,331,1017.459748
59510.425695,329,1017.968617
59217.071238,327,1018.474804
59327.645771,333,1018.9885
60009.613903,333,1020.715497
59599.610002,331,1021.275825
62597.508908,331,1021.844229
59659.688702,330,1022.446774
61735.599356,325,1022.987089
63100.605517,330,1023.526423
62781.705349,331,1024.051322
59699.729464,330,1025.698033
57905.476634,326,1026.214541
59534.222548,329,1026.748522
59681.256414,330,1027.299696
62480.900793,333,1027.868422
59755.373965,328,1028.427867
59743.733128,330,1030.757202
59792.052178,329,1031.518565
59509.945046,332,1032.246183
59774.924062,330,1032.92921
59452.953517,329,1033.698444
59901.977313,329,1034.321594
59897.1832,335,1036.49907
59639.315967,331,1037.172632
59993.59291,331,1037.858809
59727.626242,329,1038.575359
59628.852869,332,1039.220027
59373.41226,333,1039.878932
62674.151976,329,1041.722688
59858.166208,330,1042.376953
59816.187861,330,1043.05128
62342.887667,329,1043.664311
59338.301954,331,1044.186216
62601.830921,329,1044.857464
59559.870846,333,1046.729714
56466.390084,331,1047.298968
59637.939206,330,1047.814761
58975.130101,327,1048.326756
59742.229364,330,1048.919037
59834.596688,330,1049.436936
59551.162371,330,1049.955184
62477.964293,330,1051.611573
62629.437943,329,1052.129261
59586.955724,329,1052.650983
59596.429574,329,1053.177201
59572.999716,329,1053.706174
59718.867139,331,1054.241394
59655.283217,329,1056.008932
57761.382363,329,1056.539875
59208.255738,336,1057.081136
59576.306586,329,1057.604922
61363.029566,326,1058.120214
60033.004321,330,1058.642906
59475.809343,330,1060.330186
59661.625169,330,1060.87715
59372.060276,329,1061.4288
59795.257405,329,1061.951645
59630.341874,327,1062.471042
59581.350897,329,1063.004036
62388.812082,332,1065.015496
59875.61751,332,1065.649136
59391.543726,333,1066.345072
59851.879543,325,1066.991006
58529.475555,329,1067.790347
59710.15701,328,1068.699867
62865.465501,329,1072.397761
62948.0312,329,1073.021133
62827.919914,333,1073.578479
59389.69207,329,1074.240737
59852.17991,329,1074.822867
60024.950007,331,1075.351099
59739.681593,329,1075.887743
61537.167214,329,1077.923025
59349.047946,329,1078.440965
59774.924062,329,1078.968078
59767.373579,331,1079.805519
59244.693792,332,1080.551696
59661.071959,329,1081.172026
59693.793892,326,1083.365001
59633.64192,331,1084.074746
59606.765614,329,1084.745473
59630.951766,332,1085.414304
59782.373594,329,1086.043464
59580.196007,330,1086.665198
59571.422114,330,1088.510691
62479.055555,334,1089.043077
59830.451684,329,1089.571788
59670.514496,329,1090.09988
59365.930818,330,1090.620564
59323.08126,330,1091.153541
62458.371992,331,1093.297502
59556.828155,330,1093.970724
61609.410504,325,1094.531739
59979.719125,330,1095.200907
59460.792469,329,1096.00496
59745.967092,330,1096.902311
59169.497519,329,1097.692656
59049.555807,333,1099.501217
59770.417252,331,1100.122132
62649.185406,323,1100.83699
59650.892237,329,1101.62754
62961.92117,331,1102.266236
59242.400966,327,1102.831451
59606.770569,329,1104.787389
59655.298171,334,1105.426598
59754.638988,330,1106.130822
62601.702812,329,1106.898974
59808.462707,329,1107.47183
62339.145246,329,1108.04059
59428.946494,329,1110.225944
59874.706813,330,1110.861789
59529.122521,330,1111.428775
59372.941072,331,1112.104455
62883.209688,331,1112.720434
62422.149575,329,1113.265025
59497.066608,330,1115.628461
62676.625006,332,1116.227383
59941.510737,330,1116.801685
59681.529387,329,1117.312874
56036.691306,329,1117.831345
59680.80005,329,1118.341857
59369.836505,331,1120.11549
59563.575822,331,1120.720575
59294.874301,329,1121.266023
62708.940628,329,1121.788851
59405.990704,334,1122.386544
59659.074705,329,1122.963645
62746.901988,330,1123.642058
59955.671824,330,1128.151477
58976.818544,326,1128.906008
62701.658284,334,1129.595972
62833.746721,330,1130.42815
59641.047035,330,1131.069298
59506.523376,334,1131.689482
62534.88234,332,1133.505757
59307.065791,331,1134.137541
62486.327362,333,1134.873615
59673.002891,330,1135.460565
59327.757543,331,1136.019262
59048.876577,328,1136.612186
62566.449133,329,1138.240523
59151.52622,329,1139.032512
60008.947791,330,1139.90485
59377.625676,328,1140.527081
59418.304968,329,1141.37058
59593.842038,330,1142.08726
59584.443337,330,1144.893431
59791.883116,329,1145.617244
62537.358676,332,1146.323616
59761.22521,329,1146.929303
59575.377081,333,1147.634541
59272.938263,326,1148.265208
59159.313236,331,1150.360115
59839.516688,331,1151.015805
59567.991049,330,1151.639729
59590.310782,329,1152.252457
59686.160116,329,1152.936548
59314.666204,333,1153.573517
59400.812854,329,1154.097424
58452.109866,325,1156.143962
59622.444868,329,1156.765236
59409.461887,329,1157.528437
59883.155295,330,1158.178617
59588.879012,330,1159.001948
58923.744741,328,1159.712045
59527.93529,329,1161.587817
59426.25352,331,1162.119988
59490.963511,329,1162.67102
59670.923868,329,1163.251271
58788.18753,328,1163.804362
59875.959292,333,1164.375291
59850.479822,329,1166.744217
59533.20269,329,1167.587046
62736.634498,329,1168.386016
62757.900375,329,1168.966111
59509.297882,330,1169.55951
59646.379567,330,1170.167095
59563.413107,324,1172.386624
59132.109671,328,1172.91579
58499.827473,326,1173.495265
62653.864343,331,1174.017215
62619.447427,329,1174.551654
62591.922039,329,1175.056573
59583.31289,329,1175.57323
59846.05677,332,1177.736166
62540.521513,330,1178.599446
59576.00701,329,1179.338142
62810.363729,332,1179.944028
62929.291421,329,1180.756942
62689.121892,331,1181.563342
59498.677559,330,1185.301011
59516.075846,331,1185.993461
59241.376391,331,1186.582817
59615.581312,333,1187.259765
58675.057467,326,1188.095032
57864.403209,325,1188.77549
59759.684321,329,1190.567154
62883.143712,331,1191.260835
60090.913825,332,1191.998749
55822.702186,327,1192.700629
59444.090352,330,1193.56385
59219.863899,330,1194.261009
59734.923484,329,1196.250427
59966.600116,330,1196.958899
59616.958718,329,1197.511298
62757.633028,330,1198.219395
59439.701838,334,1198.791086
60060.140766,330,1199.368878
59746.262864,331,1201.083074
59637.501273,330,1201.630138
59668.898397,330,1202.188241
59531.6884,330,1202.737988
62937.154617,330,1203.288477
59783.198118,330,1203.849215
60049.536917,331,1204.491343
59810.578095,332,1206.490151
59449.296522,328,1207.414289
62864.149195,326,1208.162075
60039.881023,330,1208.68115
59965.94252,330,1209.223922
62350.369788,329,1209.757679
59936.749108,330,1211.487136
59679.355374,329,1212.037956
59759.188418,330,1212.602801
59629.575261,330,1213.200548
55474.078107,328,1213.770061
59456.056054,331,1214.302959
59682.900049,330,1216.236586
59633.645881,329,1216.890638
59905.651072,330,1217.519592
59184.226562,329,1218.068821
59582.707579,330,1218.779692
59477.670944,330,1219.363265
62972.797753,329,1221.479144
59852.055483,330,1222.383527
59443.976594,331,1222.988856
59553.148397,329,1223.601801
59545.492755,329,1224.1738
59664.876572,332,1224.736485
59656.362975,329,1226.562863
59581.134664,332,1227.128595
59511.974088,329,1227.768233
59815.184122,330,1228.333785
59882.92594,331,1228.914576
62890.758935,329,1229.514357
59868.143992,329,1230.058525
59560.026684,329,1231.92678
62590.420445,328,1232.480156
59550.449689,329,1233.036038
59770.273601,330,1233.631618
59551.00778,328,1234.187181
59684.153971,330,1234.778355
59771.640662,329,1236.91581
59509.580422,329,1237.547412
59771.741693,329,1238.183565
59814.095057,330,1238.887792
59499.374418,329,1239.539134
62313.703594,329,1240.270487
59408.137797,327,1243.04868
58106.454425,329,1243.634339
62592.445624,329,1244.292046
62823.611874,330,1244.958734
62365.826373,330,1245.740191
59190.47574,329,1246.39433
59659.268952,329,1248.740336
59549.300466,330,1249.366695
59626.066027,330,1250.04504
59634.888528,329,1250.827009
62600.021516,330,1251.45883
61805.968879,328,1252.041362
59690.43947,329,1254.1519
62100.718709,329,1254.742819
59520.872307,333,1255.353659
59588.920053,330,1255.913032
59687.140574,327,1256.474102
62696.147185,329,1257.089164
62851.44751,330,1257.63395
61748.223783,329,1259.387297
59435.126195,334,1259.933738
59639.084783,329,1260.506015
59599.621577,329,1261.014886
59607.276315,330,1261.546015
59671.41938,329,1262.091277
59789.379986,329,1263.750479
59804.191709,329,1264.285242
59514.270447,330,1264.809544
62878.557911,329,1265.32681
59446.414893,331,1265.851357
59730.335588,330,1266.398272
59576.34217,330,1268.061135
59870.254483,331,1268.63047
59253.57737,333,1269.147214
59348.706259,329,1269.68428
58704.87123,330,1270.227258
59205.992713,330,1270.742147
59438.172081,332,1272.366715
59789.060847,329,1272.889207
62911.147173,329,1273.39489
59714.718158,330,1273.922545
58518.915968,329,1274.439225
62071.376496,334,1274.997137
59709.987949,329,1275.509205
62688.237711,329,1277.139035
59621.135243,329,1277.651858
59385.061983,329,1278.170697
59742.940053,329,1278.775206
59527.107263,331,1279.413994
59626.41609,329,1279.974854
59806.355098,330,1281.653834
59582.756578,329,1282.233763
59836.534155,330,1282.749542
59687.742476,331,1283.352566
59703.660796,329,1283.881422
59569.90962,330,1284.415152
59734.609477,330,1286.115967
59655.540085,329,1286.623437
62620.705222,329,1287.141017
59579.136868,328,1287.646927
62771.13818,329,1288.169765
59814.92464,332,1288.6784
58444.072727,328,1290.339608
59625.738183,330,1290.864403
62798.533557,329,1291.559984
59448.402249,330,1292.167677
59824.219846,329,1292.713733
56110.642072,324,1293.401136
59592.542346,329,1295.34041
59675.825159,329,1295.940865
62648.313222,329,1296.500122
62676.335773,328,1297.087753
59722.840835,329,1297.761331
59202.854296,330,1298.495382
59504.743412,330,1299.024038
59758.840307,330,1300.778672
59652.848583,331,1301.46438
59508.586907,331,1302.184138
60072.710617,330,1302.769809
59767.376044,329,1303.298534
59752.583399,330,1303.817551
62468.960577,330,1305.540942
59711.934852,331,1306.06239
62703.447828,330,1306.612254
62241.344625,330,1307.125447
59414.62963,329,1307.660857
59733.252196,331,1308.460142
59660.85551,330,1310.62962
59400.000151,330,1311.321454
59701.366279,330,1312.059916
59838.253467,331,1312.725376
59616.29489,331,1313.27837
59907.232449,331,1313.821889
59675.825159,329,1315.713454
59921.463008,330,1316.355151
62412.200286,328,1317.178151
62801.739203,332,1317.949468
59624.625311,330,1318.611459
59976.912276,333,1319.300897
59753.081007,329,1321.049328
59597.871213,330,1321.586639
59384.27439,331,1322.10125
59850.623473,329,1322.610803
58904.896066,327,1323.153638
59707.16568,329,1323.671407
59897.244613,329,1324.254523
62006.855936,331,1326.088515
59316.805888,329,1326.654562
62488.471971,333,1327.171818
59600.018041,329,1327.718397
59542.825577,331,1328.3632
62712.628713,329,1329.153379
58866.121587,331,1332.736056
59679.089276,329,1333.423567
59653.533596,331,1334.309905
59561.886021,329,1335.260283
59685.594162,332,1335.930165
59908.375499,330,1336.483374
59643.339062,329,1338.370647
59518.655496,330,1338.896353
59526.029811,332,1339.704025
62526.611237,328,1340.526494
59572.010847,329,1341.321136
59562.159382,330,1342.102679
59399.933658,331,1343.973443
59324.64309,329,1344.507729
59723.410756,330,1345.037061
59710.002748,329,1345.568421
59679.108559,335,1346.154
59745.841818,330,1346.662218
59292.771071,331,1348.320632
59609.583489,330,1348.836442
59868.954644,332,1349.360781
62611.59952,330,1349.875532
59513.501477,329,1350.388875
59679.229013,331,1351.009569
59608.948191,330,1351.702372
62347.950814,329,1353.968941
59090.372657,334,1354.692502
62290.272817,333,1355.440524
59602.728494,331,1356.161938
59787.348485,329,1356.897516
59037.640347,331,1357.584486
56387.280106,329,1359.655695
59591.004476,329,1360.316267
59634.60125,330,1360.994638
62312.453884,330,1361.801928
59714.684838,330,1362.666016
59461.884285,329,1363.296085
59640.799472,332,1365.041859
59720.476199,329,1365.616757
59742.866507,329,1366.182127
59326.339733,329,1366.70719
59262.087799,328,1367.268731
59570.181029,330,1367.893614
59704.240638,329,1369.993377
62528.149569,332,1370.517357
59616.448796,329,1371.137526
62672.056601,329,1371.742233
59836.534155,329,1372.290284
59648.924585,330,1372.849593
59677.497984,329,1374.977404
59443.905458,329,1375.624523
59568.400434,327,1376.283325
62421.898218,333,1376.899418
59640.668885,331,1377.415506
58788.14524,330,1378.022517
59666.016149,329,1378.826406
59545.05496,330,1380.970865
59246.579013,330,1381.669674
59767.373579,329,1382.4746
57830.332617,329,1383.066998
62436.791609,331,1383.831211
59196.849579,332,1384.425971
62598.9941,329,1387.012838
62093.951106,333,1387.710747
59558.523574,329,1388.548338
62766.601806,329,1389.21207
59850.93595,331,1389.987813
59994.421364,330,1390.710316
59731.705033,331,1392.849824
59491.938971,329,1393.55987
59585.158564,329,1394.41731
62781.352149,332,1395.172979
59471.928454,331,1396.035585
59596.134679,329,1396.754665
59689.961944,329,1401.633935
59633.751216,329,1402.239526
59592.308997,330,1403.005782
59847.410738,329,1403.652953
62744.503842,330,1404.497548
62453.585997,333,1405.300938
60063.435527,330,1405.915066
62604.963207,330,1408.023659
62148.677508,331,1408.903401
59666.459289,332,1409.525198
62225.806512,329,1410.18451
59673.865411,329,1410.846587
62352.58276,332,1411.374592
59739.568229,332,1414.090208
62569.931807,329,1414.828703
59824.367508,330,1415.536776
59689.886656,331,1416.266849
59575.964865,327,1416.889619
62588.778318,329,1417.477445
62536.059646,329,1420.325575
62568.103532,329,1420.870176
59388.556111,332,1421.432341
59756.640647,329,1422.060675
59705.841239,329,1422.667037
59502.265944,329,1423.240231
59562.689349,331,1426.387522
58421.940902,329,1427.041189
59222.483452,330,1427.602779
62859.38303,329,1428.562139
59771.843114,332,1429.334636
62651.450896,329,1430.187495
59838.144525,330,1433.426607
62399.344587,330,1434.003911
59571.402517,324,1434.606702
62717.487774,329,1435.380071
59472.381542,330,1436.074724
59404.753461,330,1436.640784
62990.464412,329,1437.170406
59070.830099,333,1439.958814
59310.048889,330,1440.621897
59116.83157,329,1441.265856
62213.669021,328,1441.886283
58954.403848,331,1442.545237
59723.368698,330,1443.403383
59654.863849,329,1445.943093
59821.940153,333,1446.545593
59899.943912,330,1447.136587
58168.100263,330,1447.749756
59712.30455,330,1448.386999
59556.693436,331,1448.981747
59727.451316,330,1451.232048
59810.915328,335,1451.860366
59434.212948,329,1452.448798
62335.496665,330,1453.173282
59407.284158,329,1453.777351
59287.25687,331,1454.442907
59653.227841,331,1456.86649
58994.277678,331,1457.561149
59369.566884,332,1458.270835
59550.497601,330,1459.089652
59800.895776,330,1459.875368
62286.647467,330,1460.469738
62496.050414,329,1462.836803
59518.38959,333,1463.710672
59685.529764,329,1464.32035
59787.089004,329,1464.870968
62933.129525,332,1465.563139
59514.736146,329,1466.266111
62563.349408,329,1467.012009
59909.265227,332,1470.314151
59395.869736,330,1470.978256
59449.293317,331,1471.708682
58195.303638,330,1472.356181
59308.933936,330,1473.105124
58896.715699,330,1473.762314
60027.726551,331,1476.359409
59617.781455,333,1476.925428
59759.869291,330,1477.452957
59725.738392,330,1477.963583
59437.353221,329,1478.492184
59268.21056,332,1479.023142
59496.280019,332,1481.285313
59546.689528,330,1481.876967
62881.932201,329,1482.422363
62216.472753,330,1482.963208
59321.714213,330,1483.487412
59839.794838,330,1483.995725
59693.239028,329,1485.594862
58962.35136,331,1486.238141
59704.540546,329,1486.779706
59136.118489,332,1487.345427
62302.242042,329,1488.18713
59687.304861,330,1488.95035
59833.969625,329,1491.984503
59707.957065,329,1492.767893
59488.025412,330,1493.485957
59498.714892,332,1494.218857
62920.845511,330,1494.951182
57120.264679,326,1495.526736
59592.521351,330,1496.211541
62484.523869,329,1498.861572
59475.943846,329,1499.682924
60042.4985,331,1500.36295
59832.027345,331,1500.976194
59629.361831,332,1501.536164
61680.865609,325,1502.088754
59844.397351,329,1504.417407
60647.456533,323,1505.1767
59642.275453,330,1505.823043
59468.149013,329,1506.381139
62815.273671,329,1506.895722
62684.715943,333,1507.423116
59680.540569,329,1509.045866
62528.571979,329,1509.612453
59245.074781,331,1510.18286
59801.437803,329,1510.736927
59603.716145,327,1511.590997
59675.566452,330,1512.430013
59805.972434,330,1514.656885
59879.020575,331,1515.206327
57738.125568,331,1515.735459
59806.18722,329,1516.274478
62776.772542,329,1516.839199
62817.948874,329,1517.384953
59864.369792,329,1519.050735
59640.143893,329,1519.663764
59183.655739,332,1520.363386
59813.330737,330,1520.991611
59277.547329,330,1521.618499
62562.897763,332,1522.191784
59557.222027,330,1522.761741
62475.82761,331,1524.627175
59508.301309,330,1525.212538
59698.074282,329,1525.865353
59203.420674,332,1526.58378
59532.451082,329,1527.173813
59284.230598,330,1527.768504
62837.023423,329,1530.082399
59591.111884,331,1530.644549
59877.363418,330,1531.273252
59718.567646,329,1531.989356
59669.017394,330,1532.587548
59423.080592,333,1533.136663
59535.412224,329,1536.083808
59560.646483,330,1536.704618
59650.485144,329,1537.247924
59291.243053,334,1538.046872
59866.846082,330,1538.838138
62771.309502,332,1539.599907
59214.449076,329,1543.26457
59596.004781,331,1544.561154
59534.589333,332,1545.443927
59590.677235,333,1546.717426
59718.097489,328,1547.380387
59443.626875,333,1548.454528
59679.632593,331,1553.831367
59624.706415,330,1554.497675
59471.159178,330,1555.164203
59969.69131,330,1555.741912
62675.525986,329,1556.403898
59223.730152,331,1557.068485
59711.845957,329,1557.631871
59345.734855,330,1559.750828
59744.874717,330,1560.432612
59322.650296,330,1561.028608
59565.13505,331,1561.662331
59776.6643,329,1562.247193
59372.405972,329,1563.022608
59344.129239,333,1565.317957
59826.484229,330,1565.841647
62285.146688,333,1566.485435
59750.492279,329,1567.132413
62762.027191,329,1567.842309
58957.266209,329,1568.505476
59805.875098,330,1570.380661
59563.047055,330,1570.986546
63117.317767,331,1571.510507
59805.910809,329,1572.104793
59807.404444,325,1572.706733
57818.131673,329,1573.308262
59526.705177,329,1575.29517
59301.186502,328,1575.83492
59558.143353,331,1576.347883
59466.338144,329,1576.861403
59707.956309,333,1577.372462
59702.079419,330,1577.905202
62978.710565,330,1579.689814
59856.849595,329,1580.201275
62623.533731,331,1580.757535
59756.429356,330,1581.38904
62859.239379,330,1582.040924
59750.739094,330,1582.568824
62201.954831,330,1583.100702
59560.762313,330,1584.705567
59770.664068,329,1585.22648
59982.651378,330,1585.755888
59901.808623,330,1586.27772
59478.297086,329,1586.787518
62726.00426,329,1587.302029
59429.800273,331,1589.09274
62488.907942,330,1589.704567
59621.221458,331,1590.216608
59813.299748,330,1590.717731
59615.685883,330,1591.421691
59564.320654,329,1592.071449
62801.680255,329,1594.088775
59703.869396,329,1594.733999
58808.639518,327,1595.502499
59220.933867,330,1596.229263
59531.279213,330,1596.786771
59947.735116,330,1597.326787
59622.425637,329,1599.130844
58609.479526,329,1599.656873
63021.131544,330,1600.164988
62446.088862,330,1600.672364
62877.377201,329,1601.184939
60001.461343,331,1601.704941
59677.544472,329,1602.234867
62786.96223,326,1604.199206
58824.936235,331,1604.71331
59707.581796,330,1605.31677
60260.782972,331,1605.935467
59264.400808,329,1606.518522
59640.436491,329,1607.091707
59825.944875,330,1609.302639
62994.843459,329,1609.866409
59694.198933,332,1610.528178
59040.796149,334,1611.051658
63046.468947,330,1611.737689
59545.299758,328,1612.286527
59644.550285,329,1613.929384
59650.354159,329,1614.449317
59214.854581,330,1615.012578
59512.628856,333,1615.60426
59603.358322,329,1616.212834
59825.596763,331,1616.896333
59979.862776,330,1618.769593
62680.482919,330,1619.287054
59804.253122,330,1619.835333
59383.891675,329,1620.382045
62527.766249,327,1620.887552
59011.153595,329,1621.486303
58685.869688,327,1624.3394
59770.12995,330,1625.066726
59930.501565,330,1625.649268
62853.594214,333,1626.206341
59694.94628,329,1626.790061
59727.33786,329,1627.394862
59677.7183,329,1627.907117
63017.504489,329,1629.810063
59604.41933,330,1630.397159
59553.284292,329,1631.046862
59574.813672,330,1631.733615
62680.594789,329,1632.314044
59447.02013,326,1632.840949
59196.707541,325,1635.222539
59269.229357,332,1635.783869
59615.351832,329,1636.428206
59516.939959,328,1636.948545
59788.582426,329,1637.516032
59695.345208,331,1638.028496
59610.169467,329,1639.877054
59102.392272,328,1640.548514
59564.369475,330,1641.183441
59821.935669,333,1641.926526
59698.290756,330,1642.575934
59773.179809,329,1643.191189
62846.714811,332,1646.057221
59439.409655,329,1646.710229
59364.703099,329,1647.274236
59629.454749,327,1647.813166
59335.205074,329,1648.334611
59742.229364,329,1648.953062
59951.89463,330,1651.082912
62504.689538,329,1651.761605
59436.470043,331,1652.698183
59779.216556,331,1653.25387
62772.412609,329,1653.80646
58225.403118,331,1654.374214
59887.951439,330,1654.975003
59383.625915,330,1656.699072
59517.72515,329,1657.359233
59709.886918,330,1658.13553
62940.816209,329,1658.982057
59655.13314,330,1659.767118
59616.339106,330,1660.549676
59746.12912,330,1662.636429
59293.510498,330,1663.224022
59558.402686,331,1663.850809
59897.680307,330,1664.666466
59232.49258,332,1665.60458
59747.088425,329,1666.511989
62129.465711,333,1669.463243
59737.848916,329,1670.136405
62747.005745,330,1670.766538
59566.105497,332,1671.360233
59733.251101,324,1671.896718
59764.30696,329,1672.461943
62692.712684,330,1674.13975
59603.129883,329,1674.675213
59687.203831,329,1675.211726
59725.633703,329,1675.738436
59807.097917,330,1676.288073
59376.744244,329,1676.812626
62779.81952,329,1677.33478
62955.838699,329,1679.00046
59577.825861,332,1679.529288
59335.122819,329,1680.088487
59785.738555,330,1680.637199
59713.987584,329,1681.147368
59393.626103,332,1681.693037
59662.891136,332,1683.653104
59565.897334,331,1684.243823
62282.282986,332,1684.782411
59308.807137,328,1685.314862
58894.058005,327,1685.881758
59349.069633,331,1686.408817
59672.317544,330,1688.388906
62510.603417,333,1688.986211
59526.514204,330,1689.752726
59745.868472,335,1690.55373
59612.991736,329,1691.253795
59588.345557,331,1691.898529
59806.541927,332,1693.654569
61067.463136,326,1694.176084
59405.633124,330,1694.693188
62421.050555,332,1695.230306
59404.170748,329,1695.747571
59569.654386,330,1696.290745
59946.379083,330,1697.944192
59950.682109,331,1698.665556
63017.611383,331,1699.337928
62503.609883,330,1699.953208
61656.197372,329,1700.493056
62020.485158,328,1701.032256
59618.97709,330,1701.559545
59877.606835,330,1703.20101
60087.888449,331,1703.739798
61024.321071,326,1704.265955
59825.801223,329,1704.796345
59662.254046,331,1705.468546
62577.260584,331,1706.105572
59685.560358,329,1708.027392
59405.343411,332,1708.574697
62244.85165,331,1709.103526
59646.701164,329,1709.628874
59833.867307,330,1710.142895
59661.552845,329,1710.688345
59525.012388,329,1713.297803
62793.878472,330,1713.986564
59043.594029,328,1714.668196
59497.491378,329,1715.35245
59609.154532,333,1716.068919
59294.419393,330,1716.721373
62491.736909,329,1718.794553
62680.024479,333,1719.353566
61976.186072,330,1719.919066
59973.636654,330,1720.598572
59415.16594,329,1721.234249
59205.473656,330,1722.033919
59245.620178,330,1723.723129
62758.520174,330,1724.248375
59598.452155,329,1724.766606
59536.011054,331,1725.292707
59657.023455,330,1725.810493
59768.923617,329,1726.320912
62954.938807,331,1726.838803
62494.744761,332,1728.962265
59509.628354,331,1729.540401
60999.36606,329,1730.060647
62452.765034,329,1730.571114
59444.657721,330,1731.128811
59827.933965,334,1731.646883
59553.372014,331,1733.267664
59620.935244,331,1733.794961
59753.574029,329,1734.315226
59850.812849,329,1734.853745
59734.050445,329,1735.458852
59988.411175,331,1736.112446
59630.913286,330,1738.236523
62736.558408,329,1739.157384
62362.944783,332,1739.928905
62503.675237,327,1740.79985
62861.742509,329,1741.661283
61999.174506,332,1742.824721
62671.097878,333,1750.659919
59873.664998,329,1751.4755
57389.77498,327,1752.372021
62824.780728,329,1753.251649
62798.658107,329,1754.094291
58593.113367,332,1754.818949
